[{
  "device": {
    "mostRecentData": {
      "carrierName": "AT\u0026T",
      "playStoreClientVersion": 81031200,
      "manufacturer": "samsung",
      "modelName": "SM-G950U",
      "deviceName": "dreamqltesq",
      "productName": "dreamqltesq",
      "retailBrand": "samsung",
      "totalMemoryBytes": "3521323008",
      "nativePlatform": ["arm64-v8a", "armeabi-v7a", "armeabi"],
      "deviceIpCountry": "US",
      "userLocale": "en_US",
      "buildFingerprint": "samsung/dreamqltesq/dreamqltesq:8.0.0/R16NW/G950USQS3CRE2:user/release-keys",
      "androidSdkVersion": "26"
    },
    "deviceRegistrationTime": "2017-11-25T16:20:24.751Z",
    "userAddedOnDeviceTime": "2018-06-09T04:33:45.213Z",
    "lastTimeDeviceActive": "2018-06-09T04:33:45.348855Z"
  }
},
{
  "device": {
    "mostRecentData": {
      "carrierName": "AT\u0026T",
      "playStoreClientVersion": 81031200,
      "manufacturer": "HUAWEI",
      "modelName": "H1711",
      "deviceName": "HWH1711-Q",
      "productName": "H1711",
      "retailBrand": "HUAWEI",
      "totalMemoryBytes": "1931366400",
      "nativePlatform": ["armeabi-v7a", "armeabi"],
      "deviceIpCountry": "US",
      "userLocale": "en_US",
      "buildFingerprint": "HUAWEI/H1711/HWH1711-Q:7.0/HUAWEIH1711/C07B173:user/release-keys",
      "androidSdkVersion": "24"
    },
    "dataAtTimeOfUserPlayActivity": {
      "carrierName": "AT\u0026T",
      "manufacturer": "HUAWEI",
      "modelName": "H1711",
      "deviceName": "HWH1711-Q",
      "productName": "H1711",
      "retailBrand": "HUAWEI",
      "nativePlatform": ["armeabi-v7a", "armeabi"],
      "deviceIpCountry": "US",
      "userLocale": "en_US",
      "androidSdkVersion": "24"
    },
    "deviceRegistrationTime": "2018-06-08T03:33:50.940Z",
    "userAddedOnDeviceTime": "2018-06-08T03:33:50.940Z",
    "lastTimeDeviceActive": "2018-06-08T16:59:10.896620Z"
  }
}]