[{
  "libraryDoc": {
    "doc": {
      "documentType": "Android Apps",
      "title": "Instant Apps"
    },
    "acquisitionTime": "2018-06-08T03:39:46.081Z"
  }
},
{
  "libraryDoc": {
    "doc": {
      "documentType": "Android Apps",
      "title": "Google Play services"
    },
    "acquisitionTime": "2018-06-08T03:39:47.203Z"
  }
},
{
  "libraryDoc": {
    "doc": {
      "documentType": "Android Apps",
      "title": "Google Play Movies \u0026 TV"
    },
    "acquisitionTime": "2018-06-08T16:57:15.244Z"
  }
},
{
  "libraryDoc": {
    "doc": {
      "documentType": "Android Apps",
      "title": "YouTube"
    },
    "acquisitionTime": "2018-06-08T17:00:32.986Z"
  }
},
{
  "libraryDoc": {
    "doc": {
      "documentType": "Android Apps",
      "title": "Google Photos"
    },
    "acquisitionTime": "2018-06-08T17:02:53.322Z"
  }
},
{
  "libraryDoc": {
    "doc": {
      "documentType": "Android Apps",
      "title": "Firefox Browser fast \u0026 private"
    },
    "acquisitionTime": "2018-06-08T17:05:16.282Z"
  }
},
{
  "libraryDoc": {
    "doc": {
      "documentType": "Android Apps",
      "title": "Google Play Music"
    },
    "acquisitionTime": "2018-06-08T17:08:47.350Z"
  }
},
{
  "libraryDoc": {
    "doc": {
      "documentType": "Android Apps",
      "title": "Google Duo"
    },
    "acquisitionTime": "2018-06-08T17:09:51.557Z"
  }
},
{
  "libraryDoc": {
    "doc": {
      "documentType": "Android Apps",
      "title": "AT\u0026T Call Protect"
    },
    "acquisitionTime": "2018-06-08T17:10:49.858Z"
  }
},
{
  "libraryDoc": {
    "doc": {
      "documentType": "Android Apps",
      "title": "Maps - Navigation \u0026 Transit"
    },
    "acquisitionTime": "2018-06-08T17:11:27.935Z"
  }
},
{
  "libraryDoc": {
    "doc": {
      "documentType": "Android Apps",
      "title": "myAT\u0026T"
    },
    "acquisitionTime": "2018-06-08T17:13:11.807Z"
  }
},
{
  "libraryDoc": {
    "doc": {
      "documentType": "Android Apps",
      "title": "Google Docs"
    },
    "acquisitionTime": "2018-06-08T17:16:09.176Z"
  }
},
{
  "libraryDoc": {
    "doc": {
      "documentType": "Android Apps",
      "title": "Google Sheets"
    },
    "acquisitionTime": "2018-06-08T17:19:48.941Z"
  }
},
{
  "libraryDoc": {
    "doc": {
      "documentType": "Android Apps",
      "title": "Google Slides"
    },
    "acquisitionTime": "2018-06-08T17:21:11.551Z"
  }
},
{
  "libraryDoc": {
    "doc": {
      "documentType": "Android Apps",
      "title": "Lookout Security \u0026 Antivirus"
    },
    "acquisitionTime": "2018-06-08T17:22:54.490Z"
  }
},
{
  "libraryDoc": {
    "doc": {
      "documentType": "Android Apps",
      "title": "Google"
    },
    "acquisitionTime": "2018-06-08T17:23:39.013Z"
  }
},
{
  "libraryDoc": {
    "doc": {
      "documentType": "Android Apps",
      "title": "Tubi TV - Free Movies \u0026 TV"
    },
    "acquisitionTime": "2018-06-09T00:21:00.378Z"
  }
},
{
  "libraryDoc": {
    "doc": {
      "documentType": "Android Apps",
      "title": "Super-Bright LED Flashlight"
    },
    "acquisitionTime": "2018-06-09T02:00:58.621Z"
  }
},
{
  "libraryDoc": {
    "doc": {
      "documentType": "Android Apps",
      "title": "Universal TV Remote Control"
    },
    "acquisitionTime": "2018-06-09T02:03:53.886Z"
  }
},
{
  "libraryDoc": {
    "doc": {
      "documentType": "Android Apps",
      "title": "SURE Universal Smart TV Remote Control"
    },
    "acquisitionTime": "2018-06-09T02:15:33.949Z"
  }
},
{
  "libraryDoc": {
    "doc": {
      "documentType": "Android Apps",
      "title": "Google Drive"
    },
    "acquisitionTime": "2018-06-09T19:34:48.315Z"
  }
},
{
  "libraryDoc": {
    "doc": {
      "documentType": "Android Apps",
      "title": "AT\u0026T Visual Voicemail"
    },
    "acquisitionTime": "2018-06-09T19:37:25.590Z"
  }
},
{
  "libraryDoc": {
    "doc": {
      "documentType": "Android Apps",
      "title": "Google Chrome: Fast \u0026 Secure"
    },
    "acquisitionTime": "2018-06-09T19:38:07.022Z"
  }
},
{
  "libraryDoc": {
    "doc": {
      "documentType": "Android Apps",
      "title": "Google Text-to-speech"
    },
    "acquisitionTime": "2018-06-09T19:39:39.142Z"
  }
},
{
  "libraryDoc": {
    "doc": {
      "documentType": "Android Apps",
      "title": "Gmail"
    },
    "acquisitionTime": "2018-06-09T19:40:18.223Z"
  }
},
{
  "libraryDoc": {
    "doc": {
      "documentType": "Android Apps",
      "title": "Amazon Shopping"
    },
    "acquisitionTime": "2018-06-09T19:40:56.946Z"
  }
},
{
  "libraryDoc": {
    "doc": {
      "documentType": "Android Apps",
      "title": "Google TalkBack"
    },
    "acquisitionTime": "2018-06-09T19:42:35.816Z"
  }
},
{
  "libraryDoc": {
    "doc": {
      "documentType": "Android Apps",
      "title": "Gboard - the Google Keyboard"
    },
    "acquisitionTime": "2018-06-09T19:42:49.652Z"
  }
}]